Model,Accuracy,Precision,Recall,F1-Score,ROC-AUC
XGBoost GPU,0.9977769544275658,0.9991212653778558,0.9956217162872154,0.9973684210526316,0.9999859400009223
